filename,object_location,image_small,image_thumb
21-07-023_Trice_01-06-01.jpg,/objects/21-07-023_Trice_01-06-01.jpg,/objects/small/21-07-023_trice_01-06-01_sm.jpg,/objects/thumbs/21-07-023_trice_01-06-01_th.jpg
21-07-023_Trice_01-06-02-01.jpg,/objects/21-07-023_Trice_01-06-02-01.jpg,/objects/small/21-07-023_trice_01-06-02-01_sm.jpg,/objects/thumbs/21-07-023_trice_01-06-02-01_th.jpg
21-07-023_Trice_01-06-02-02.jpg,/objects/21-07-023_Trice_01-06-02-02.jpg,/objects/small/21-07-023_trice_01-06-02-02_sm.jpg,/objects/thumbs/21-07-023_trice_01-06-02-02_th.jpg
21-07-023_Trice_01-06-02-03.jpg,/objects/21-07-023_Trice_01-06-02-03.jpg,/objects/small/21-07-023_trice_01-06-02-03_sm.jpg,/objects/thumbs/21-07-023_trice_01-06-02-03_th.jpg
21-07-023_Trice_01-06-02-04.jpg,/objects/21-07-023_Trice_01-06-02-04.jpg,/objects/small/21-07-023_trice_01-06-02-04_sm.jpg,/objects/thumbs/21-07-023_trice_01-06-02-04_th.jpg
21-07-023_Trice_01-06-02.pdf,/objects/21-07-023_Trice_01-06-02.pdf,/objects/small/21-07-023_trice_01-06-02_sm.jpg,/objects/thumbs/21-07-023_trice_01-06-02_th.jpg
21-07-023_Trice_01-08-01-01.jpg,/objects/21-07-023_Trice_01-08-01-01.jpg,/objects/small/21-07-023_trice_01-08-01-01_sm.jpg,/objects/thumbs/21-07-023_trice_01-08-01-01_th.jpg
21-07-023_Trice_01-08-01-02.jpg,/objects/21-07-023_Trice_01-08-01-02.jpg,/objects/small/21-07-023_trice_01-08-01-02_sm.jpg,/objects/thumbs/21-07-023_trice_01-08-01-02_th.jpg
21-07-023_Trice_01-08-01.pdf,/objects/21-07-023_Trice_01-08-01.pdf,/objects/small/21-07-023_trice_01-08-01_sm.jpg,/objects/thumbs/21-07-023_trice_01-08-01_th.jpg
21-07-023_Trice_01-24-01.jpg,/objects/21-07-023_Trice_01-24-01.jpg,/objects/small/21-07-023_trice_01-24-01_sm.jpg,/objects/thumbs/21-07-023_trice_01-24-01_th.jpg
21-07-023_Trice_01-24-02.jpg,/objects/21-07-023_Trice_01-24-02.jpg,/objects/small/21-07-023_trice_01-24-02_sm.jpg,/objects/thumbs/21-07-023_trice_01-24-02_th.jpg
21-07-A_Trice_1578-01-01.jpg,/objects/21-07-A_Trice_1578-01-01.jpg,/objects/small/21-07-a_trice_1578-01-01_sm.jpg,/objects/thumbs/21-07-a_trice_1578-01-01_th.jpg
21-07-A_Trice_1578-01-02.jpg,/objects/21-07-A_Trice_1578-01-02.jpg,/objects/small/21-07-a_trice_1578-01-02_sm.jpg,/objects/thumbs/21-07-a_trice_1578-01-02_th.jpg
21-07-A_Trice_1578-01-03.jpg,/objects/21-07-A_Trice_1578-01-03.jpg,/objects/small/21-07-a_trice_1578-01-03_sm.jpg,/objects/thumbs/21-07-a_trice_1578-01-03_th.jpg
21-07-A_Trice_1578-01-04.jpg,/objects/21-07-A_Trice_1578-01-04.jpg,/objects/small/21-07-a_trice_1578-01-04_sm.jpg,/objects/thumbs/21-07-a_trice_1578-01-04_th.jpg
21-07-A_Trice_1579-01-01.jpg,/objects/21-07-A_Trice_1579-01-01.jpg,/objects/small/21-07-a_trice_1579-01-01_sm.jpg,/objects/thumbs/21-07-a_trice_1579-01-01_th.jpg
21-07-A_Trice_1579-01-02.jpg,/objects/21-07-A_Trice_1579-01-02.jpg,/objects/small/21-07-a_trice_1579-01-02_sm.jpg,/objects/thumbs/21-07-a_trice_1579-01-02_th.jpg
210a.jpg,/objects/210a.jpg,/objects/small/210a_sm.jpg,/objects/thumbs/210a_th.jpg
210b.jpg,/objects/210b.jpg,/objects/small/210b_sm.jpg,/objects/thumbs/210b_th.jpg
24-06-D_Football_1864-01-01.jpg,/objects/24-06-D_Football_1864-01-01.jpg,/objects/small/24-06-d_football_1864-01-01_sm.jpg,/objects/thumbs/24-06-d_football_1864-01-01_th.jpg
24-06-D_Football_1864-01-02.jpg,/objects/24-06-D_Football_1864-01-02.jpg,/objects/small/24-06-d_football_1864-01-02_sm.jpg,/objects/thumbs/24-06-d_football_1864-01-02_th.jpg
U88_22_1.jpg,/objects/U88_22_1.jpg,/objects/small/u88_22_1_sm.jpg,/objects/thumbs/u88_22_1_th.jpg
U88_22_5.jpg,/objects/U88_22_5.jpg,/objects/small/u88_22_5_sm.jpg,/objects/thumbs/u88_22_5_th.jpg
U88_22_6.jpg,/objects/U88_22_6.jpg,/objects/small/u88_22_6_sm.jpg,/objects/thumbs/u88_22_6_th.jpg
U88_22_7.jpg,/objects/U88_22_7.jpg,/objects/small/u88_22_7_sm.jpg,/objects/thumbs/u88_22_7_th.jpg
demo_001.jpg,/objects/demo_001.jpg,/objects/small/demo_001_sm.jpg,/objects/thumbs/demo_001_th.jpg
demo_002.pdf,/objects/demo_002.pdf,/objects/small/demo_002_sm.jpg,/objects/thumbs/demo_002_th.jpg
demo_003.mp3,/objects/demo_003.mp3,,
demo_004.jpg,/objects/demo_004.jpg,/objects/small/demo_004_sm.jpg,/objects/thumbs/demo_004_th.jpg
demo_005.txt,/objects/demo_005.txt,,
demo_012.md,/objects/demo_012.md,,
hells_half_theta.jpg,/objects/hells_half_theta.jpg,/objects/small/hells_half_theta_sm.jpg,/objects/thumbs/hells_half_theta_th.jpg
hughes_article.png,/objects/hughes_article.png,/objects/small/hughes_article_sm.jpg,/objects/thumbs/hughes_article_th.jpg
